City_ID,City,Lat,Lng,Max Temp,Humidity,Cloudiness,Wind Speed,Country,Description,Date
0,New Norfolk,-42.7826,147.0587,63.91,48,9,3.0,AU,clear sky,2022-10-20 04:46:21
1,Ushuaia,-54.8,-68.3,37.06,81,75,14.97,AR,broken clouds,2022-10-20 04:45:52
2,Tuktoyaktuk,69.4541,-133.0374,26.6,86,100,6.91,CA,overcast clouds,2022-10-20 04:43:52
3,Jamestown,42.097,-79.2353,37.06,95,100,12.66,US,overcast clouds,2022-10-20 04:46:22
4,Thompson,55.7435,-97.8558,32.16,100,100,3.44,CA,fog,2022-10-20 04:46:22
5,Valentin Gomez Farias,28.2167,-106.5833,53.44,80,1,3.85,MX,clear sky,2022-10-20 04:46:22
6,Ribeira Grande,38.5167,-28.7,62.78,81,92,4.0,PT,overcast clouds,2022-10-20 04:46:23
7,Qaanaaq,77.484,-69.3632,-1.14,62,0,12.55,GL,clear sky,2022-10-20 04:46:23
8,Bambous Virieux,-20.3428,57.7575,76.21,68,20,5.75,MU,few clouds,2022-10-20 04:43:08
9,Kapaa,22.0752,-159.319,75.18,77,100,13.8,US,overcast clouds,2022-10-20 04:46:24
10,Saskylakh,71.9167,114.0833,1.56,94,29,2.59,RU,scattered clouds,2022-10-20 04:43:17
11,Mataura,-46.1927,168.8643,50.41,67,62,13.49,NZ,broken clouds,2022-10-20 04:46:24
12,Pevek,69.7008,170.3133,28.96,90,100,3.62,RU,overcast clouds,2022-10-20 04:46:24
13,La Grande,45.3246,-118.0877,66.06,37,0,1.88,US,clear sky,2022-10-20 04:44:25
14,Ongandjera,-17.8833,15.0667,73.35,35,29,5.01,NA,scattered clouds,2022-10-20 04:46:25
15,Vostok,46.4856,135.8833,46.6,54,0,12.82,RU,clear sky,2022-10-20 04:46:25
16,Cidreira,-30.1811,-50.2056,62.76,94,81,6.22,BR,broken clouds,2022-10-20 04:46:25
17,Busselton,-33.65,115.3333,64.36,70,97,15.99,AU,overcast clouds,2022-10-20 04:46:26
18,Sitka,57.0531,-135.33,51.69,76,100,13.8,US,overcast clouds,2022-10-20 04:46:26
19,Punta Arenas,-53.15,-70.9167,37.51,81,40,20.71,CL,light rain,2022-10-20 04:42:27
20,Flin Flon,54.7682,-101.865,45.25,82,98,6.82,CA,overcast clouds,2022-10-20 04:46:27
21,Yerbogachen,61.2767,108.0108,32.54,72,93,8.23,RU,overcast clouds,2022-10-20 04:46:27
22,Bluff,-46.6,168.3333,49.3,68,39,26.06,NZ,scattered clouds,2022-10-20 04:46:27
23,Hirara,24.8,125.2833,82.26,73,75,23.02,JP,broken clouds,2022-10-20 04:46:28
24,Upernavik,72.7868,-56.1549,17.15,89,100,8.79,GL,overcast clouds,2022-10-20 04:46:28
25,Castro,-24.7911,-50.0119,60.42,96,96,4.16,BR,overcast clouds,2022-10-20 04:46:28
26,Carauari,-4.8828,-66.8958,73.63,99,100,1.79,BR,overcast clouds,2022-10-20 04:46:29
27,Lebu,-37.6167,-73.65,49.53,89,42,4.7,CL,scattered clouds,2022-10-20 04:42:59
28,Atuona,-9.8,-139.0333,76.89,75,6,13.71,PF,clear sky,2022-10-20 04:42:32
29,Kavieng,-2.5744,150.7967,85.57,67,92,8.41,PG,overcast clouds,2022-10-20 04:46:30
30,Saint-Philippe,-21.3585,55.7679,74.79,74,15,11.16,RE,few clouds,2022-10-20 04:46:30
31,Hithadhoo,-0.6,73.0833,80.51,76,92,8.5,MV,overcast clouds,2022-10-20 04:46:30
32,Rio Grande,-32.035,-52.0986,61.02,91,35,6.82,BR,scattered clouds,2022-10-20 04:46:30
33,Pachperwa,27.5167,82.65,79.05,57,0,2.04,IN,clear sky,2022-10-20 04:46:31
34,Picton,-34.1833,150.6,68.76,86,100,4.65,AU,moderate rain,2022-10-20 04:46:31
35,Severo-Kurilsk,50.6789,156.125,43.23,75,63,26.8,RU,light rain,2022-10-20 04:46:32
36,Great Bend,38.3645,-98.7648,50.61,60,0,3.44,US,clear sky,2022-10-20 04:46:12
37,Karakol,42.4907,78.3936,41.41,68,72,2.1,KG,broken clouds,2022-10-20 04:46:32
38,Iqaluit,63.7506,-68.5145,26.33,68,100,24.16,CA,overcast clouds,2022-10-20 04:46:32
39,Bunbury,-33.3333,115.6333,63.07,81,97,15.03,AU,overcast clouds,2022-10-20 04:46:04
40,Bereda,43.2686,-7.5406,56.41,78,8,9.78,ES,clear sky,2022-10-20 04:46:33
41,Vaini,-21.2,-175.2,73.56,100,75,5.75,TO,broken clouds,2022-10-20 04:46:33
42,Puerto Ayora,-0.7393,-90.3518,67.48,82,72,8.9,EC,broken clouds,2022-10-20 04:46:34
43,Cayenne,4.9333,-52.3333,77.04,94,20,1.14,GF,few clouds,2022-10-20 04:46:34
44,Goderich,43.7501,-81.7165,42.91,70,100,19.57,CA,overcast clouds,2022-10-20 04:43:29
45,Rikitea,-23.1203,-134.9692,71.01,72,100,18.92,PF,overcast clouds,2022-10-20 04:47:34
46,Nikolskoye,59.7035,30.7861,35.49,93,86,5.26,RU,overcast clouds,2022-10-20 04:42:54
47,Mahebourg,-20.4081,57.7,76.24,68,20,5.75,MU,few clouds,2022-10-20 04:47:35
48,Tual,-5.6667,132.75,84.07,72,80,3.8,ID,broken clouds,2022-10-20 04:42:48
49,Kedrovyy,56.1667,91.8167,39.87,73,99,6.62,RU,overcast clouds,2022-10-20 04:47:35
50,Hobart,-42.8794,147.3294,64.27,69,20,14.97,AU,few clouds,2022-10-20 04:47:07
51,Port Elizabeth,-33.918,25.5701,69.1,88,20,27.63,ZA,few clouds,2022-10-20 04:47:36
52,Naze,28.3667,129.4833,77.92,60,9,23.04,JP,clear sky,2022-10-20 04:43:35
53,Gizo,-8.103,156.8419,84.9,67,82,7.7,SB,broken clouds,2022-10-20 04:47:36
54,Port Augusta,-32.5,137.7667,71.38,54,64,18.43,AU,broken clouds,2022-10-20 04:44:14
55,Narsaq,60.9167,-46.05,34.02,74,5,6.22,GL,clear sky,2022-10-20 04:47:36
56,Cape Town,-33.9258,18.4232,62.11,84,20,1.14,ZA,few clouds,2022-10-20 04:47:30
57,Bredasdorp,-34.5322,20.0403,59.02,84,30,7.43,ZA,scattered clouds,2022-10-20 04:43:14
58,Hermanus,-34.4187,19.2345,60.8,86,11,8.84,ZA,few clouds,2022-10-20 04:47:37
59,Vanimo,-2.6741,141.3028,84.2,70,97,6.85,PG,overcast clouds,2022-10-20 04:45:14
60,Norman Wells,65.282,-126.8329,30.24,93,100,6.91,CA,light snow,2022-10-20 04:47:37
61,Broome,42.2506,-75.833,41.7,81,75,9.22,US,broken clouds,2022-10-20 04:47:38
62,Concordia,-31.393,-58.0209,67.78,85,71,4.0,AR,broken clouds,2022-10-20 04:47:38
63,Butaritari,3.0707,172.7902,82.4,69,46,10.85,KI,scattered clouds,2022-10-20 04:47:39
64,Saquarema,-22.92,-42.5103,69.78,93,100,12.37,BR,overcast clouds,2022-10-20 04:47:39
65,Churapcha,62.0025,132.4325,21.96,89,100,9.98,RU,light snow,2022-10-20 04:47:39
66,Torata,-17.0769,-70.8433,51.64,35,76,1.05,PE,broken clouds,2022-10-20 04:47:40
67,Port Alfred,-33.5906,26.891,69.19,74,66,8.99,ZA,broken clouds,2022-10-20 04:47:40
68,Zhanaozen,43.3,52.8,58.01,49,84,22.55,KZ,broken clouds,2022-10-20 04:47:40
69,Albany,42.6001,-73.9662,41.41,83,62,5.93,US,broken clouds,2022-10-20 04:43:41
70,Nha Trang,12.25,109.1833,82.4,83,100,6.8,VN,overcast clouds,2022-10-20 04:47:08
71,Avarua,-21.2078,-159.775,75.25,83,40,10.36,CK,scattered clouds,2022-10-20 04:42:50
72,Otjimbingwe,-22.35,16.1333,72.18,49,5,0.49,NA,clear sky,2022-10-20 04:47:41
73,Kontagora,10.3999,5.4695,69.22,60,21,1.99,NG,few clouds,2022-10-20 04:47:41
74,Moroto,2.5345,34.6666,70.83,58,98,6.29,UG,overcast clouds,2022-10-20 04:47:42
75,Tacuarembo,-31.7333,-55.9833,60.85,94,99,7.05,UY,overcast clouds,2022-10-20 04:47:42
76,Bogoslovka,53.2084,44.8013,44.11,47,100,6.62,RU,overcast clouds,2022-10-20 04:47:43
77,Margate,51.3813,1.3862,60.91,92,100,3.0,GB,overcast clouds,2022-10-20 04:43:41
78,Atambua,-9.1061,124.8925,84.96,64,96,4.52,ID,overcast clouds,2022-10-20 04:47:43
79,Balkanabat,39.5108,54.3671,74.26,24,3,8.1,TM,clear sky,2022-10-20 04:47:44
80,Yellowknife,62.456,-114.3525,45.12,87,75,9.22,CA,broken clouds,2022-10-20 04:47:44
81,Guerrero Negro,27.9769,-114.0611,72.46,74,8,6.51,MX,clear sky,2022-10-20 04:47:44
82,Muscat,23.6139,58.5922,82.42,34,25,0.81,OM,scattered clouds,2022-10-20 04:47:45
83,Bukama,-9.2,25.85,74.48,69,98,0.81,CD,overcast clouds,2022-10-20 04:47:45
84,Wilmington,34.2257,-77.9447,50.86,89,0,1.01,US,clear sky,2022-10-20 04:47:45
85,Torzhok,57.0436,34.9622,37.53,90,96,5.55,RU,overcast clouds,2022-10-20 04:47:46
86,Sambava,-14.2667,50.1667,74.55,61,62,14.03,MG,broken clouds,2022-10-20 04:44:01
87,Nelson Bay,-32.7167,152.15,72.09,93,100,11.01,AU,moderate rain,2022-10-20 04:47:46
88,Da Lat,11.9465,108.4419,68.68,86,96,2.39,VN,overcast clouds,2022-10-20 04:46:01
89,Mishan,45.55,131.8833,59.07,29,15,15.23,CN,few clouds,2022-10-20 04:47:47
90,Dikson,73.5069,80.5464,32.47,98,100,22.19,RU,light snow,2022-10-20 04:47:47
91,Tiksi,71.6872,128.8694,14.7,87,62,16.46,RU,broken clouds,2022-10-20 04:47:47
92,Bethel,41.3712,-73.414,49.55,74,0,9.22,US,clear sky,2022-10-20 04:48:48
93,Ilulissat,69.2167,-51.1,28.42,74,100,6.91,GL,overcast clouds,2022-10-20 04:48:48
94,Hosakote,14.2769,77.1699,80.17,66,46,6.64,IN,scattered clouds,2022-10-20 04:48:48
95,Saint Anthony,45.0205,-93.218,41.32,43,0,3.44,US,clear sky,2022-10-20 04:44:23
96,Kaitangata,-46.2817,169.8464,51.91,64,59,18.14,NZ,broken clouds,2022-10-20 04:48:49
97,Chokurdakh,70.6333,147.9167,2.44,97,100,5.93,RU,overcast clouds,2022-10-20 04:48:49
98,Mar Del Plata,-38.0023,-57.5575,59.95,94,100,11.01,AR,overcast clouds,2022-10-20 04:48:14
99,Ahuimanu,21.4447,-157.8378,73.11,94,75,5.75,US,heavy intensity rain,2022-10-20 04:48:50
100,Ayagoz,47.9714,80.4392,46.02,45,100,27.96,KZ,overcast clouds,2022-10-20 04:48:50
101,Kokopo,-4.352,152.2633,86.76,58,32,7.76,PG,scattered clouds,2022-10-20 04:48:50
102,Ponta Do Sol,32.6667,-17.1,75.0,93,100,12.17,PT,moderate rain,2022-10-20 04:48:51
103,Hilo,19.7297,-155.09,80.33,83,100,4.61,US,overcast clouds,2022-10-20 04:48:51
104,Trairi,-3.2778,-39.2689,78.15,82,31,14.83,BR,scattered clouds,2022-10-20 04:45:27
105,East London,-33.0153,27.9116,68.94,88,0,12.66,ZA,clear sky,2022-10-20 04:48:52
106,Ambon,-3.6954,128.1814,89.74,66,40,5.75,ID,scattered clouds,2022-10-20 04:48:52
107,Caravelas,-17.7125,-39.2481,72.05,82,39,6.38,BR,scattered clouds,2022-10-20 04:48:52
108,Taltal,-25.4,-70.4833,59.14,70,0,0.31,CL,clear sky,2022-10-20 04:48:53
109,Marawi,7.9986,124.2928,77.52,83,99,1.99,PH,overcast clouds,2022-10-20 04:48:53
110,Garissa,-0.4536,39.6401,77.38,71,85,15.61,KE,overcast clouds,2022-10-20 04:48:53
111,Gambo,4.6482,22.2633,69.46,99,100,1.28,CF,moderate rain,2022-10-20 04:45:18
112,Sao Felix Do Xingu,-6.6447,-51.995,73.65,74,9,2.17,BR,clear sky,2022-10-20 04:48:36
113,Longyearbyen,78.2186,15.6401,28.24,64,40,17.27,SJ,scattered clouds,2022-10-20 04:48:54
114,Constitucion,-35.3333,-72.4167,50.94,92,22,7.65,CL,few clouds,2022-10-20 04:48:55
115,Arlit,18.7369,7.3853,73.96,25,0,5.82,NE,clear sky,2022-10-20 04:48:55
116,Lazaro Cardenas,17.9583,-102.2,77.97,87,100,2.55,MX,light rain,2022-10-20 04:46:54
117,Ambanja,-13.6833,48.45,78.73,54,87,1.32,MG,overcast clouds,2022-10-20 04:48:56
118,Teguldet,57.3064,88.1667,41.34,75,100,9.57,RU,overcast clouds,2022-10-20 04:48:56
119,Fallon,39.4735,-118.7774,55.27,35,0,4.61,US,clear sky,2022-10-20 04:47:04
120,Moose Factory,51.2585,-80.6094,33.8,93,75,3.44,CA,broken clouds,2022-10-20 04:48:56
121,Teahupoo,-17.8333,-149.2667,73.36,77,11,12.33,PF,few clouds,2022-10-20 04:48:57
122,La Asuncion,11.0333,-63.8628,82.13,94,4,12.66,VE,clear sky,2022-10-20 04:48:57
123,Portel,-1.9356,-50.8211,75.0,92,51,5.01,BR,broken clouds,2022-10-20 04:48:58
124,Sioux Lookout,50.1001,-91.917,26.67,86,40,2.3,CA,scattered clouds,2022-10-20 04:48:58
125,Souillac,-20.5167,57.5167,73.78,68,20,5.75,MU,few clouds,2022-10-20 04:48:58
126,Arraial Do Cabo,-22.9661,-42.0278,71.04,91,100,27.81,BR,overcast clouds,2022-10-20 04:48:59
127,Nome,64.5011,-165.4064,35.67,93,40,12.66,US,scattered clouds,2022-10-20 04:48:59
128,Mendi,-6.1761,143.6513,63.77,89,98,3.15,PG,overcast clouds,2022-10-20 04:49:00
129,Olafsvik,64.8945,-23.7142,43.43,80,97,19.84,IS,overcast clouds,2022-10-20 04:49:00
130,Tasiilaq,65.6145,-37.6368,33.96,98,100,6.67,GL,snow,2022-10-20 04:49:01
131,Sedhiou,12.7081,-15.5569,74.66,94,89,4.18,SN,overcast clouds,2022-10-20 04:49:01
132,Alice Springs,-23.7,133.8833,88.21,40,0,5.75,AU,clear sky,2022-10-20 04:45:28
133,San Jose,37.3394,-121.895,74.44,41,20,3.44,US,smoke,2022-10-20 04:46:00
134,Ankazobe,-18.3167,47.1167,64.04,58,47,8.37,MG,scattered clouds,2022-10-20 04:49:02
135,Luderitz,-26.6481,15.1594,60.44,81,45,18.5,NA,scattered clouds,2022-10-20 04:49:02
136,Santa Lucia,27.9117,-15.5407,61.92,83,20,9.22,ES,few clouds,2022-10-20 04:50:02
137,Kirakira,-10.4544,161.9205,84.63,74,89,8.5,SB,overcast clouds,2022-10-20 04:50:03
138,Kruisfontein,-34.0033,24.7314,66.88,75,39,22.06,ZA,scattered clouds,2022-10-20 04:50:03
139,Qaqortoq,60.7167,-46.0333,29.75,63,0,8.59,GL,clear sky,2022-10-20 04:50:04
140,Paso De Los Toros,-32.8167,-56.5167,60.69,94,100,10.76,UY,overcast clouds,2022-10-20 04:50:04
141,Vestmannaeyjar,63.4427,-20.2734,43.88,73,100,11.39,IS,overcast clouds,2022-10-20 04:50:04
142,Solnechnyy,50.7214,136.6319,47.77,45,78,9.13,RU,broken clouds,2022-10-20 04:50:05
143,Gao,16.6362,1.637,75.6,22,1,12.62,ML,clear sky,2022-10-20 04:50:05
144,Saint George,37.1041,-113.5841,70.95,24,0,1.99,US,clear sky,2022-10-20 04:48:16
145,Houma,29.5958,-90.7195,46.99,89,0,0.0,US,clear sky,2022-10-20 04:50:06
146,Villazon,-22.0866,-65.5942,41.14,10,0,7.87,BO,clear sky,2022-10-20 04:50:06
147,Srednekolymsk,67.45,153.6833,16.93,92,100,21.18,RU,light snow,2022-10-20 04:45:25
148,Sorong,-0.8833,131.25,85.12,68,51,3.36,ID,broken clouds,2022-10-20 04:50:07
149,Astoria,46.1879,-123.8313,56.59,93,0,6.91,US,clear sky,2022-10-20 04:45:24
150,San Patricio,28.017,-97.5169,65.84,45,0,7.0,US,clear sky,2022-10-20 04:50:07
151,Carnarvon,-24.8667,113.6333,72.45,61,1,12.84,AU,clear sky,2022-10-20 04:50:07
152,Minden,52.2833,8.9167,48.42,71,75,8.05,DE,broken clouds,2022-10-20 04:50:08
153,Bilara,26.1792,73.7056,86.88,33,12,7.81,IN,few clouds,2022-10-20 04:50:08
154,Barrow,71.2906,-156.7887,28.42,93,100,13.8,US,light snow,2022-10-20 04:50:09
155,Yarmouth,41.7057,-70.2286,51.96,77,40,5.01,US,scattered clouds,2022-10-20 04:50:09
156,Nalut,30.3333,10.85,59.76,68,0,8.05,LY,clear sky,2022-10-20 04:50:09
157,Soledade,-28.8183,-52.5103,58.21,96,100,2.95,BR,moderate rain,2022-10-20 04:49:46
158,Birao,10.2849,22.7882,72.18,51,50,2.73,CF,scattered clouds,2022-10-20 04:50:10
159,Saldanha,-33.0117,17.9442,50.05,86,20,7.29,ZA,few clouds,2022-10-20 04:50:10
160,Mehamn,71.0357,27.8492,37.31,74,100,33.82,NO,overcast clouds,2022-10-20 04:50:11
161,Hackettstown,40.854,-74.8291,43.03,78,11,0.0,US,few clouds,2022-10-20 04:48:02
162,Puerto Carreno,6.189,-67.4859,76.78,88,82,3.85,CO,broken clouds,2022-10-20 04:50:11
163,Plouzane,48.3833,-4.6167,55.72,94,0,9.22,FR,clear sky,2022-10-20 04:50:11
164,Isangel,-19.55,169.2667,80.71,78,75,4.61,VU,broken clouds,2022-10-20 04:50:12
165,Tessalit,20.1986,1.0114,75.88,25,81,10.96,ML,broken clouds,2022-10-20 04:50:12
166,Termoli,41.9888,14.9895,64.78,75,0,6.11,IT,clear sky,2022-10-20 04:50:13
167,Bengkulu,-3.8004,102.2655,81.93,72,100,7.23,ID,overcast clouds,2022-10-20 04:50:13
168,Negombo,7.2083,79.8358,84.25,74,40,10.36,LK,scattered clouds,2022-10-20 04:50:14
169,Takoradi,4.8845,-1.7554,75.99,90,40,5.46,GH,scattered clouds,2022-10-20 04:50:14
170,Havre-Saint-Pierre,50.2334,-63.5986,52.16,100,100,13.8,CA,mist,2022-10-20 04:50:14
171,Palana,59.1167,159.9667,25.25,78,100,8.63,RU,light snow,2022-10-20 04:50:15
172,Zhigansk,66.7697,123.3711,15.08,89,99,1.95,RU,overcast clouds,2022-10-20 04:50:15
173,Shu,43.5983,73.7614,52.52,43,28,5.03,KZ,scattered clouds,2022-10-20 04:47:25
174,Terrace Bay,48.7834,-87.1,32.86,65,100,10.0,CA,overcast clouds,2022-10-20 04:50:16
175,Palauig,15.435,119.9045,81.0,80,100,2.68,PH,overcast clouds,2022-10-20 04:50:16
176,Kahului,20.8947,-156.47,80.62,72,40,6.91,US,scattered clouds,2022-10-20 04:45:34
177,Kimberley,-28.7323,24.7623,64.09,68,0,9.22,ZA,clear sky,2022-10-20 04:50:17
178,Ellensburg,46.9965,-120.5479,58.19,66,0,0.0,US,clear sky,2022-10-20 04:50:51
179,Labuhan,-6.8844,112.2051,85.75,66,78,5.01,ID,light rain,2022-10-20 04:51:17
180,Beloha,-25.1667,45.05,78.48,52,0,11.59,MG,clear sky,2022-10-20 04:51:18
181,Esperance,-33.8667,121.9,66.24,75,86,19.82,AU,overcast clouds,2022-10-20 04:51:18
182,Saint-Francois,46.4154,3.9054,58.44,94,99,2.3,FR,light rain,2022-10-20 04:51:18
183,Paarl,-33.7338,18.9752,61.02,83,81,1.66,ZA,broken clouds,2022-10-20 04:51:19
184,Noyabrsk,63.1994,75.4507,36.64,96,100,15.95,RU,light rain,2022-10-20 04:51:19
185,Wick,58.4333,-3.0833,50.05,76,75,21.85,GB,broken clouds,2022-10-20 04:51:20
186,Airai,-8.9266,125.4092,74.68,66,93,1.23,TL,overcast clouds,2022-10-20 04:51:20
187,Vila Velha,-20.3297,-40.2925,69.94,98,75,0.0,BR,broken clouds,2022-10-20 04:51:20
188,Victoria,22.2855,114.1577,80.96,62,65,11.01,HK,broken clouds,2022-10-20 04:48:12
189,Ancud,-41.8697,-73.8203,54.23,98,100,18.63,CL,moderate rain,2022-10-20 04:48:14
190,Kamenka,51.3223,42.7678,45.46,85,100,7.05,RU,overcast clouds,2022-10-20 04:51:21
191,Kawalu,-7.3817,108.2082,78.71,84,99,3.98,ID,overcast clouds,2022-10-20 04:51:22
192,Maltahohe,-24.8333,16.9833,70.11,42,5,8.32,NA,clear sky,2022-10-20 04:51:22
193,Shenzhen,22.5455,114.0683,82.26,66,68,7.16,CN,broken clouds,2022-10-20 04:49:28
194,Yaqui,27.3667,-110.1667,79.0,60,4,4.65,MX,clear sky,2022-10-20 04:51:23
195,Dunedin,-45.8742,170.5036,51.8,70,81,10.0,NZ,broken clouds,2022-10-20 04:51:23
196,Ust-Nera,64.5667,143.2,4.21,92,37,4.68,RU,scattered clouds,2022-10-20 04:51:23
197,Mahajanga,-15.7167,46.3167,75.22,53,0,6.91,MG,clear sky,2022-10-20 04:51:24
198,Khatanga,71.9667,102.5,22.75,96,100,1.19,RU,light snow,2022-10-20 04:51:24
199,Lorengau,-2.0226,147.2712,86.0,65,79,9.19,PG,broken clouds,2022-10-20 04:51:24
200,Atbasar,51.8,68.3333,41.92,91,100,8.55,KZ,overcast clouds,2022-10-20 04:51:25
201,Buchanan,5.8808,-10.0467,74.52,92,99,3.69,LR,light rain,2022-10-20 04:51:25
202,Maniitsoq,65.4167,-52.9,22.77,65,6,14.43,GL,clear sky,2022-10-20 04:51:26
203,Montgomery,39.1501,-77.1997,44.31,86,0,3.44,US,clear sky,2022-10-20 04:48:57
204,Montepuez,-13.1256,38.9997,73.13,65,55,4.27,MZ,broken clouds,2022-10-20 04:51:26
205,Ivaipora,-24.2478,-51.6847,63.75,97,100,2.62,BR,moderate rain,2022-10-20 04:51:26
206,Klaksvik,62.2266,-6.589,43.72,73,54,17.2,FO,broken clouds,2022-10-20 04:51:27
207,Roma,43.2128,-75.4557,43.52,79,100,5.75,US,overcast clouds,2022-10-20 04:51:27
208,Shubarkuduk,49.1447,56.4872,52.47,58,89,14.2,KZ,overcast clouds,2022-10-20 04:51:28
209,Palmer,42.1584,-72.3287,43.34,82,0,4.61,US,clear sky,2022-10-20 04:51:28
210,Farsund,58.0948,6.8047,46.94,100,100,1.59,NO,overcast clouds,2022-10-20 04:51:28
211,Izazi,-7.2,35.7333,74.03,52,97,3.22,TZ,overcast clouds,2022-10-20 04:51:29
212,Ende,-8.8432,121.6623,87.4,67,100,3.74,ID,overcast clouds,2022-10-20 04:51:29
213,Georgetown,5.4112,100.3354,89.53,70,20,4.61,MY,few clouds,2022-10-20 04:48:58
214,Troitsko-Pechorsk,62.7084,56.1964,33.73,85,99,9.64,RU,overcast clouds,2022-10-20 04:51:30
215,Geraldton,-28.7667,114.6,72.01,49,100,13.8,AU,overcast clouds,2022-10-20 04:51:30
216,Katsuura,35.1333,140.3,65.46,45,0,8.63,JP,clear sky,2022-10-20 04:51:30
217,Faya,18.3851,42.4509,57.31,23,0,4.41,SA,clear sky,2022-10-20 04:51:31
218,Wajima,37.4,136.9,66.88,42,40,4.61,JP,scattered clouds,2022-10-20 04:51:31
219,Ringebu,61.5167,10.1667,34.43,73,5,2.13,NO,clear sky,2022-10-20 04:51:32
220,Kukushtan,57.6464,56.4952,35.22,81,32,7.49,RU,scattered clouds,2022-10-20 04:51:32
221,Torbay,47.6666,-52.7314,56.28,95,100,13.8,CA,overcast clouds,2022-10-20 04:52:32
222,Kieta,-6.2167,155.6333,84.87,67,48,4.41,PG,scattered clouds,2022-10-20 04:52:33
223,Bathsheba,13.2167,-59.5167,81.21,89,40,13.8,BB,scattered clouds,2022-10-20 04:52:33
224,Acapulco,16.8634,-99.8901,77.88,84,100,13.71,MX,overcast clouds,2022-10-20 04:49:18
225,Grande Prairie,55.1667,-118.8027,57.38,38,75,18.41,CA,smoke,2022-10-20 04:51:14
226,Sambhal,28.5833,78.55,79.21,54,0,7.72,IN,clear sky,2022-10-20 04:52:34
227,Limulunga,-15.0969,23.1376,70.18,48,27,6.51,ZM,scattered clouds,2022-10-20 04:52:34
228,Bahia Honda,22.9036,-83.1592,72.66,83,100,12.03,CU,overcast clouds,2022-10-20 04:52:35
229,Zwedru,6.0667,-8.1281,69.37,99,100,1.99,LR,light rain,2022-10-20 04:52:35
230,Babu,24.4167,111.5167,84.15,18,99,2.24,CN,overcast clouds,2022-10-20 04:52:36
231,Ahipara,-35.1667,173.1667,60.44,70,24,12.39,NZ,few clouds,2022-10-20 04:52:36
232,Neftekamsk,56.092,54.2703,38.28,79,56,5.12,RU,broken clouds,2022-10-20 04:52:36
233,Mahibadhoo,3.7833,72.9667,81.28,77,88,13.24,MV,overcast clouds,2022-10-20 04:52:36
234,Padang,-0.9492,100.3543,80.65,65,100,5.79,ID,light rain,2022-10-20 04:52:37
235,Mao,39.8885,4.2658,70.36,94,75,2.3,ES,broken clouds,2022-10-20 04:52:37
236,Pangnirtung,66.1451,-65.7125,14.61,64,45,8.46,CA,scattered clouds,2022-10-20 04:52:38
237,San Cristobal,7.7669,-72.225,69.98,98,100,1.01,VE,overcast clouds,2022-10-20 04:52:38
238,Avera,33.194,-82.5271,41.92,51,0,6.53,US,clear sky,2022-10-20 04:52:38
239,Conceicao Do Araguaia,-8.2578,-49.2647,75.69,54,19,3.71,BR,few clouds,2022-10-20 04:52:39
240,Morondava,-20.2833,44.2833,79.38,74,2,2.98,MG,clear sky,2022-10-20 04:52:39
241,Raudeberg,61.9875,5.1352,36.27,62,98,3.89,NO,overcast clouds,2022-10-20 04:52:40
242,Carballo,43.213,-8.691,60.22,88,64,13.38,ES,broken clouds,2022-10-20 04:52:40
243,Zhangjiakou,40.81,114.8794,59.76,26,100,5.64,CN,overcast clouds,2022-10-20 04:52:40
244,Husavik,66.0449,-17.3389,30.7,74,70,9.55,IS,broken clouds,2022-10-20 04:52:41
245,Vila Franca Do Campo,37.7167,-25.4333,63.01,78,100,9.4,PT,overcast clouds,2022-10-20 04:52:41
246,Tanout,14.9709,8.8879,74.86,26,69,11.77,NE,broken clouds,2022-10-20 04:52:41
247,Provideniya,64.3833,-173.3,35.71,93,100,13.42,RU,mist,2022-10-20 04:50:57
248,Napa,38.4832,-122.3344,72.28,39,13,3.42,US,few clouds,2022-10-20 04:48:30
249,Chernyshevskiy,63.0128,112.4714,30.22,71,94,9.17,RU,overcast clouds,2022-10-20 04:52:42
250,Abhaynagar,23.0129,89.4049,85.51,54,0,11.1,BD,clear sky,2022-10-20 04:52:42
251,Haines Junction,60.7522,-137.5108,37.35,93,100,3.44,CA,overcast clouds,2022-10-20 04:52:43
252,Valdivia,-39.8142,-73.2459,50.09,95,98,3.47,CL,overcast clouds,2022-10-20 04:52:18
253,Port Lincoln,-34.7333,135.8667,65.41,62,19,8.52,AU,few clouds,2022-10-20 04:52:43
254,Metro,-5.1131,105.3067,86.16,64,100,5.01,ID,light rain,2022-10-20 04:52:44
255,Aras,42.5617,-2.356,57.76,76,0,5.75,ES,clear sky,2022-10-20 04:52:44
256,Bonavista,48.6499,-53.1147,52.74,92,97,12.75,CA,overcast clouds,2022-10-20 04:52:45
257,San Ramon,37.7799,-121.978,74.61,44,0,3.44,US,clear sky,2022-10-20 04:50:55
258,Tankhoy,51.5528,105.1306,36.36,98,100,3.47,RU,overcast clouds,2022-10-20 04:52:45
259,Valleyview,55.0667,-117.2859,60.84,36,100,19.57,CA,overcast clouds,2022-10-20 04:52:46
260,Rybnaya Sloboda,55.4613,50.1409,37.65,78,6,4.25,RU,clear sky,2022-10-20 04:52:46
261,Sorland,67.667,12.6934,40.86,68,100,6.6,NO,overcast clouds,2022-10-20 04:52:46
262,Lipin Bor,60.2622,37.9763,36.03,82,88,12.57,RU,overcast clouds,2022-10-20 04:52:47
263,Suntar,62.1444,117.6319,33.01,82,98,8.43,RU,overcast clouds,2022-10-20 04:52:47
264,Vallenar,-28.5708,-70.7581,56.5,56,0,1.1,CL,clear sky,2022-10-20 04:52:47
265,Nouadhibou,20.931,-17.0347,72.52,75,0,15.35,MR,clear sky,2022-10-20 04:52:48
266,Fare,-16.7,-151.0167,79.02,72,8,6.8,PF,clear sky,2022-10-20 04:52:48
267,Oyon,-10.6681,-76.7731,47.07,77,95,3.06,PE,overcast clouds,2022-10-20 04:52:48
268,Yuanping,38.7153,112.7575,63.05,31,100,3.47,CN,overcast clouds,2022-10-20 04:52:49
269,Victor Harbor,-35.5667,138.6167,68.68,80,91,1.99,AU,overcast clouds,2022-10-20 04:52:49
270,Piney Green,34.716,-77.3202,44.53,99,0,0.0,US,clear sky,2022-10-20 04:53:49
271,Beringovskiy,63.05,179.3167,35.44,87,38,8.41,RU,scattered clouds,2022-10-20 04:53:50
272,Aykino,62.2248,49.9922,33.67,87,99,10.67,RU,overcast clouds,2022-10-20 04:53:50
273,Adrar,20.5022,-10.0711,81.93,15,71,7.16,MR,broken clouds,2022-10-20 04:53:50
274,Plettenberg Bay,-34.0527,23.3716,64.08,78,31,11.27,ZA,scattered clouds,2022-10-20 04:53:51
275,Urucara,-2.5364,-57.76,73.26,97,10,2.17,BR,clear sky,2022-10-20 04:53:51
276,Minas,-34.3759,-55.2377,56.93,96,92,12.66,UY,moderate rain,2022-10-20 04:53:51
277,Tahoua,14.8888,5.2692,79.25,21,39,7.7,NE,scattered clouds,2022-10-20 04:53:52
278,Codrington,-38.2667,141.9667,64.92,73,0,12.3,AU,clear sky,2022-10-20 04:53:52
279,Fairbanks,64.8378,-147.7164,34.83,93,100,3.44,US,fog,2022-10-20 04:51:11
280,Ballina,-28.8667,153.5667,67.84,83,100,11.61,AU,overcast clouds,2022-10-20 04:49:41
281,Tuatapere,-46.1333,167.6833,49.98,73,52,17.9,NZ,broken clouds,2022-10-20 04:53:52
282,Aykhal,66.0,111.5,24.12,88,60,11.52,RU,broken clouds,2022-10-20 04:53:53
283,Rawson,-43.3002,-65.1023,63.25,42,92,13.65,AR,overcast clouds,2022-10-20 04:50:52
284,Khuzhir,53.1939,107.3397,42.22,49,99,4.74,RU,overcast clouds,2022-10-20 04:53:53
285,Shimoda,34.6667,138.95,65.1,51,1,5.88,JP,clear sky,2022-10-20 04:53:53
286,Mahon,39.8885,4.2658,70.36,94,75,2.3,ES,broken clouds,2022-10-20 04:53:54
287,Davila,18.4726,120.5763,76.98,87,100,17.85,PH,very heavy rain,2022-10-20 04:53:54
288,Bud,39.447,-86.1758,38.91,55,23,7.63,US,few clouds,2022-10-20 04:53:55
289,Lavrentiya,65.5833,-171.0,35.91,91,100,25.43,RU,overcast clouds,2022-10-20 04:53:55
290,Half Moon Bay,37.4636,-122.4286,73.45,61,0,13.8,US,clear sky,2022-10-20 04:51:30
291,Baherden,38.4362,57.4316,68.85,34,1,9.75,TM,clear sky,2022-10-20 04:53:55
292,Opuwo,-18.0607,13.84,69.28,25,1,5.21,NA,clear sky,2022-10-20 04:53:56
293,Ogbomosho,8.133,4.25,73.58,98,71,3.78,NG,broken clouds,2022-10-20 04:53:56
294,Nizhnyaya Omka,55.4338,74.9426,41.07,82,100,10.07,RU,overcast clouds,2022-10-20 04:53:56
295,Mount Isa,-20.7333,139.5,91.17,24,0,8.05,AU,clear sky,2022-10-20 04:53:57
296,Eureka,40.8021,-124.1637,55.2,85,4,1.01,US,clear sky,2022-10-20 04:53:57
297,Oga,46.4631,10.347,45.28,91,74,3.36,IT,broken clouds,2022-10-20 04:53:57
298,Bagua Grande,-5.7561,-78.4411,75.43,84,98,1.39,PE,light rain,2022-10-20 04:53:58
299,Chuy,-33.6971,-53.4616,57.58,98,53,6.44,UY,broken clouds,2022-10-20 04:53:58
300,Chiredzi,-21.05,31.6667,73.26,63,25,7.4,ZW,scattered clouds,2022-10-20 04:53:58
301,Chkalovskoye,44.8392,133.0436,58.06,38,29,12.1,RU,scattered clouds,2022-10-20 04:53:59
302,Novo Aripuana,-5.1206,-60.3797,73.13,97,58,2.39,BR,light rain,2022-10-20 04:53:11
303,Ulaangom,49.9811,92.0667,39.22,60,86,5.03,MN,overcast clouds,2022-10-20 04:54:00
304,Pisco,-13.7,-76.2167,57.25,88,51,2.3,PE,broken clouds,2022-10-20 04:54:00
305,Konya,38.1667,32.5,53.53,77,62,5.91,TR,broken clouds,2022-10-20 04:52:57
306,Ilula,-7.6766,36.0366,64.26,63,95,6.67,TZ,overcast clouds,2022-10-20 04:54:01
307,Dinghai,26.2847,119.7936,74.32,71,96,22.75,CN,overcast clouds,2022-10-20 04:54:01
308,Tilichiki,60.4667,166.1,24.48,77,100,7.25,RU,overcast clouds,2022-10-20 04:54:01
309,Birjand,32.8663,59.2211,55.87,21,0,6.91,IR,clear sky,2022-10-20 04:50:04
310,Phuket,8.0,98.25,85.08,89,40,11.5,TH,moderate rain,2022-10-20 04:54:02
311,Sudova Vyshnya,49.7889,23.3722,37.83,97,10,6.22,UA,clear sky,2022-10-20 04:54:02
312,Nanortalik,60.1432,-45.2371,33.67,61,2,27.83,GL,clear sky,2022-10-20 04:54:02
313,Palmira,3.5394,-76.3036,65.68,100,75,8.05,CO,broken clouds,2022-10-20 04:54:03
314,Thunder Bay,48.4001,-89.3168,39.18,52,100,11.5,CA,overcast clouds,2022-10-20 04:54:03
315,Ozuluama,21.6667,-97.85,62.02,65,100,7.85,MX,overcast clouds,2022-10-20 04:54:04
316,Aklavik,68.2191,-135.0107,25.84,94,100,4.52,CA,overcast clouds,2022-10-20 04:54:04
317,San Pedro De Ycuamandiyu,-24.0917,-57.0764,69.55,98,64,2.55,PY,broken clouds,2022-10-20 04:55:04
318,Luau,-10.7073,22.2247,68.7,68,64,1.9,AO,broken clouds,2022-10-20 04:55:05
319,Kodinsk,58.6881,99.1844,35.64,80,92,3.4,RU,overcast clouds,2022-10-20 04:55:05
320,Havoysund,70.9963,24.6622,37.63,71,100,31.12,NO,light rain,2022-10-20 04:55:05
321,Taizhou,32.4933,119.9106,71.78,36,26,13.44,CN,scattered clouds,2022-10-20 04:55:06
322,Recas,45.7989,21.5008,46.81,87,0,13.8,RO,clear sky,2022-10-20 04:55:06
323,Emborion,40.4833,21.55,50.36,76,0,4.45,GR,clear sky,2022-10-20 04:55:07
324,Portland,45.5234,-122.6762,65.08,74,0,5.75,US,smoke,2022-10-20 04:52:56
325,Bella Union,-30.2752,-57.6007,64.71,95,50,5.88,UY,scattered clouds,2022-10-20 04:55:07
326,Gonbad-E Qabus,37.25,55.1672,69.71,52,0,6.91,IR,clear sky,2022-10-20 04:55:08
327,Chicama,-7.8447,-79.1469,57.74,80,91,4.52,PE,overcast clouds,2022-10-20 04:55:08
328,Zasheyek,67.4066,32.5499,27.95,73,92,12.64,RU,overcast clouds,2022-10-20 04:55:08
329,Santiago,-33.4569,-70.6483,59.25,61,0,4.61,CL,clear sky,2022-10-20 04:55:09
330,Visby,57.6409,18.296,46.62,76,40,12.66,SE,scattered clouds,2022-10-20 04:55:09
331,Mareeba,-17.0,145.4333,85.48,61,68,3.22,AU,broken clouds,2022-10-20 04:55:09
332,Fortuna,40.5982,-124.1573,54.93,88,1,3.18,US,clear sky,2022-10-20 04:55:10
333,Dingle,10.9995,122.6711,86.13,71,90,4.92,PH,light rain,2022-10-20 04:55:10
334,Qeshm,26.9581,56.2719,85.87,61,23,5.35,IR,few clouds,2022-10-20 04:55:10
335,Valparaiso,-33.0393,-71.6273,53.24,76,0,3.44,CL,clear sky,2022-10-20 04:50:24
336,Polunochnoye,60.8697,60.4153,35.08,73,96,7.9,RU,overcast clouds,2022-10-20 04:53:37
337,Leningradskiy,69.3833,178.4167,33.01,90,100,23.82,RU,overcast clouds,2022-10-20 04:55:11
338,Cherskiy,68.75,161.3,17.04,98,85,3.8,RU,overcast clouds,2022-10-20 04:55:12
339,Neuquen,-38.9516,-68.0591,64.29,29,0,13.8,AR,clear sky,2022-10-20 04:50:14
340,Parkes,-33.1333,148.1833,69.35,83,96,3.0,AU,light rain,2022-10-20 04:55:12
341,Makakilo City,21.3469,-158.0858,71.35,90,100,8.05,US,light rain,2022-10-20 04:55:12
342,Langsa,4.4683,97.9683,88.09,63,100,2.19,ID,overcast clouds,2022-10-20 04:55:13
343,Port Blair,11.6667,92.75,84.24,74,75,11.5,IN,mist,2022-10-20 04:55:13
344,Jilikul,37.4917,68.5311,60.17,43,0,7.83,TJ,clear sky,2022-10-20 04:55:13
345,Vung Tau,10.346,107.0843,81.97,78,65,16.87,VN,light rain,2022-10-20 04:55:14
346,Sao Joao Da Barra,-21.6403,-41.0511,71.82,90,100,20.6,BR,overcast clouds,2022-10-20 04:55:14
347,Dayong,25.0209,118.2898,81.05,36,9,13.06,CN,clear sky,2022-10-20 04:55:15
348,Zhuhai,22.2769,113.5678,85.86,65,20,9.22,CN,few clouds,2022-10-20 04:51:14
349,Kutum,14.2,24.6667,71.08,27,9,8.34,SD,clear sky,2022-10-20 04:55:15
350,Paracuru,-3.41,-39.0306,79.11,81,25,16.4,BR,scattered clouds,2022-10-20 04:55:15
351,Abu Samrah,35.3029,37.1841,64.44,65,0,6.29,SY,clear sky,2022-10-20 04:55:16
352,Nishihara,26.1842,127.7558,79.88,50,20,23.02,JP,few clouds,2022-10-20 04:55:16
353,Bushtyno,48.0512,23.4858,41.59,88,0,2.37,UA,clear sky,2022-10-20 04:55:17
354,Moerai,-22.4333,-151.3333,73.15,81,4,20.04,PF,clear sky,2022-10-20 04:55:17
355,Inhambane,-23.865,35.3833,73.38,83,40,0.0,MZ,scattered clouds,2022-10-20 04:55:17
356,Novikovo,51.1537,37.8879,46.27,85,91,4.38,RU,overcast clouds,2022-10-20 04:55:17
357,Sibolga,1.7427,98.7792,83.28,67,100,3.24,ID,moderate rain,2022-10-20 04:55:18
358,Aswan,24.0934,32.907,72.7,43,0,11.5,EG,clear sky,2022-10-20 04:55:18
359,Umm Kaddadah,13.6017,26.6876,79.65,25,8,15.73,SD,clear sky,2022-10-20 04:55:19
360,Annau,37.8876,58.516,51.3,93,0,11.5,TM,clear sky,2022-10-20 04:55:19
361,Bom Jesus,-9.0744,-44.3586,79.16,43,79,5.3,BR,broken clouds,2022-10-20 04:55:20
362,Union,40.6334,-74.2663,50.9,69,0,5.75,US,clear sky,2022-10-20 04:55:20
363,Hami,42.8,93.45,59.23,31,52,8.77,CN,broken clouds,2022-10-20 04:55:20
364,Inyonga,-6.7167,32.0667,73.2,41,99,8.12,TZ,overcast clouds,2022-10-20 04:56:21
365,Port Hardy,50.6996,-127.4199,57.38,100,100,3.44,CA,mist,2022-10-20 04:56:21
366,Lima,-12.0432,-77.0282,59.9,86,75,10.36,PE,broken clouds,2022-10-20 04:56:22
367,Ta Khmau,11.4833,104.95,77.05,94,75,2.3,KH,broken clouds,2022-10-20 04:56:22
368,Mataquescuintla,14.5292,-90.1842,60.75,96,97,3.24,GT,overcast clouds,2022-10-20 04:56:23
369,Mbanza-Ngungu,-5.25,14.8667,70.0,89,98,5.21,CD,overcast clouds,2022-10-20 04:56:23
370,Lasa,46.6166,10.7002,47.35,80,65,2.86,IT,broken clouds,2022-10-20 04:56:23
371,Innisfail,-17.5333,146.0333,81.7,80,35,5.61,AU,light rain,2022-10-20 04:56:24
372,Fairfield,41.2668,-73.3162,49.73,71,4,8.48,US,clear sky,2022-10-20 04:56:24
373,Matucana,-11.85,-76.4,60.69,63,91,2.06,PE,overcast clouds,2022-10-20 04:56:24
374,Selkirk,50.1436,-96.8845,44.67,87,66,7.67,CA,broken clouds,2022-10-20 04:56:25
375,Netanya,32.3329,34.8599,69.82,66,42,4.03,IL,scattered clouds,2022-10-20 04:56:25
376,Tobermory,45.2501,-81.6665,38.21,90,100,17.43,CA,light rain,2022-10-20 04:56:26
377,Sur,22.5667,59.5289,87.4,31,48,1.86,OM,scattered clouds,2022-10-20 04:56:26
378,Idenao,4.2475,9.0047,75.54,91,100,1.36,CM,light rain,2022-10-20 04:56:27
379,Nantucket,41.2835,-70.0995,51.15,71,28,18.75,US,scattered clouds,2022-10-20 04:56:27
380,Karratha,-20.7377,116.8463,87.8,44,0,11.56,AU,clear sky,2022-10-20 04:56:27
381,Faanui,-16.4833,-151.75,79.03,75,24,6.78,PF,light rain,2022-10-20 04:56:28
382,Rio Rancho,35.2334,-106.6645,58.48,58,35,3.0,US,scattered clouds,2022-10-20 04:56:28
383,Bandarbeyla,9.4942,50.8122,81.95,71,14,15.01,SO,few clouds,2022-10-20 04:56:28
384,Grand-Santi,4.25,-54.3833,71.87,99,47,2.28,GF,scattered clouds,2022-10-20 04:56:29
385,San Juan,-31.5375,-68.5364,62.28,50,49,5.26,AR,scattered clouds,2022-10-20 04:56:29
386,Praia,14.9215,-23.5087,73.94,83,20,3.44,CV,few clouds,2022-10-20 04:56:30
387,Grand Gaube,-20.0064,57.6608,76.37,58,63,8.99,MU,broken clouds,2022-10-20 04:56:30
388,Mongoumba,3.6415,18.5936,69.15,99,100,3.94,CF,light rain,2022-10-20 04:56:30
389,Port Macquarie,-31.4333,152.9167,64.89,94,75,11.5,AU,light rain,2022-10-20 04:56:30
390,Ribeirao Branco,-24.2208,-48.7656,64.72,97,77,1.48,BR,broken clouds,2022-10-20 04:56:31
391,Salinopolis,-0.6136,-47.3561,80.53,76,100,13.58,BR,overcast clouds,2022-10-20 04:56:31
392,Cabinda,-5.55,12.2,75.36,88,73,4.36,AO,broken clouds,2022-10-20 04:56:31
393,Lompoc,34.6391,-120.4579,72.59,65,0,8.05,US,clear sky,2022-10-20 04:53:50
394,Colomi,-17.35,-65.8667,55.08,78,67,3.36,BO,broken clouds,2022-10-20 04:56:32
395,Sann,26.0418,68.1378,88.97,34,6,8.16,PK,clear sky,2022-10-20 04:56:32
396,Chatellerault,46.8,0.5333,59.72,1,100,6.44,FR,overcast clouds,2022-10-20 04:56:33
397,Kodiak,57.79,-152.4072,43.92,89,100,17.4,US,light rain,2022-10-20 04:56:33
398,Saquena,-4.6667,-73.5167,72.93,99,92,1.59,PE,overcast clouds,2022-10-20 04:56:33
399,Maceio,-9.6658,-35.7353,72.84,88,0,4.61,BR,clear sky,2022-10-20 04:54:52
400,Dicabisagan,17.0818,122.4157,78.01,91,100,4.47,PH,moderate rain,2022-10-20 04:56:34
401,Kiama,-34.6833,150.8667,70.38,90,100,1.01,AU,overcast clouds,2022-10-20 04:56:34
402,Sao Filipe,14.8961,-24.4956,78.01,81,59,1.34,CV,broken clouds,2022-10-20 04:56:35
403,Asau,46.4333,26.4,40.28,82,91,3.89,RO,overcast clouds,2022-10-20 04:56:03
404,Koumac,-20.5667,164.2833,75.63,75,59,11.83,NC,broken clouds,2022-10-20 04:56:35
405,Gilgit,35.9221,74.3087,50.97,84,100,4.99,PK,overcast clouds,2022-10-20 04:56:35
406,Shenjiamen,29.9576,122.298,67.59,57,23,9.35,CN,few clouds,2022-10-20 04:56:36
407,Orlovskiy,46.8714,42.0592,50.68,87,95,7.23,RU,overcast clouds,2022-10-20 04:56:36
408,Puerto El Triunfo,13.2833,-88.55,77.09,90,99,3.06,SV,overcast clouds,2022-10-20 04:56:36
409,Teya,60.3778,92.6267,36.48,86,100,8.01,RU,overcast clouds,2022-10-20 04:56:37
410,Kirkwood,38.5834,-90.4068,39.34,58,94,1.01,US,overcast clouds,2022-10-20 04:56:37
411,Hasaki,35.7333,140.8333,67.21,48,0,10.0,JP,clear sky,2022-10-20 04:57:37
412,Vao,-22.6667,167.4833,70.81,67,57,17.27,NC,broken clouds,2022-10-20 04:57:38
413,Nabire,-3.3667,135.4833,83.17,72,100,1.39,ID,overcast clouds,2022-10-20 04:57:38
414,Baykit,61.67,96.37,36.57,74,93,7.49,RU,overcast clouds,2022-10-20 04:57:38
415,Buritizeiro,-17.3511,-44.9622,76.12,50,93,6.96,BR,overcast clouds,2022-10-20 04:57:39
416,Sao Fidelis,-21.6461,-41.7469,70.79,97,100,4.18,BR,overcast clouds,2022-10-20 04:57:17
417,Adwa,14.1646,38.8955,66.56,49,7,5.39,ET,clear sky,2022-10-20 04:57:39
418,Baiao,-2.7906,-49.6717,74.26,93,60,2.01,BR,broken clouds,2022-10-20 04:57:40
419,Burleson,32.5421,-97.3208,59.49,44,0,9.22,US,clear sky,2022-10-20 04:56:48
420,Chapais,49.7834,-74.8492,33.58,96,100,4.07,CA,overcast clouds,2022-10-20 04:57:40
421,Otane,-39.8833,176.6333,66.0,64,50,12.71,NZ,scattered clouds,2022-10-20 04:57:41
422,Sakakah,29.9697,40.2064,69.37,19,74,6.17,SA,broken clouds,2022-10-20 04:57:41
423,Quatre Cocos,-20.2078,57.7625,76.08,60,29,11.01,MU,scattered clouds,2022-10-20 04:57:41
424,Coquimbo,-29.9533,-71.3436,53.33,87,0,5.75,CL,clear sky,2022-10-20 04:57:42
425,Tevaitoa,-16.7833,-151.5,79.05,76,25,9.08,PF,light rain,2022-10-20 04:57:42
426,Pemba,-12.974,40.5178,75.9,78,20,7.0,MZ,few clouds,2022-10-20 04:55:08
427,Sungaipenuh,-2.0833,101.3833,78.85,55,95,5.59,ID,overcast clouds,2022-10-20 04:57:42
428,Hamilton,39.1834,-84.5333,42.01,52,7,3.0,US,clear sky,2022-10-20 04:56:33
429,Dodge City,37.7528,-100.0171,55.22,25,0,7.54,US,clear sky,2022-10-20 04:57:43
430,Goroka,-6.0834,145.3873,71.64,79,80,1.63,PG,broken clouds,2022-10-20 04:57:43
431,Awjilah,29.1081,21.2869,67.95,61,66,5.97,LY,broken clouds,2022-10-20 04:57:43
432,Hualmay,-11.0964,-77.6139,60.62,86,78,10.36,PE,broken clouds,2022-10-20 04:57:44
433,Mehriz,31.5917,54.4318,63.1,27,0,2.42,IR,clear sky,2022-10-20 04:57:44
434,La Virtud,14.05,-88.7,71.01,97,100,2.66,HN,overcast clouds,2022-10-20 04:57:45
435,Seaside,36.6111,-121.8516,72.91,62,0,4.61,US,clear sky,2022-10-20 04:53:36
436,Ponta Delgada,37.7333,-25.6667,63.32,72,20,9.22,PT,few clouds,2022-10-20 04:57:45
437,Salamanca,40.8333,-6.0,55.18,91,72,15.1,ES,broken clouds,2022-10-20 04:54:18
438,Abha,18.2164,42.5053,57.02,30,0,0.0,SA,clear sky,2022-10-20 04:54:00
439,Singapore,1.2897,103.8501,91.54,62,75,6.91,SG,broken clouds,2022-10-20 04:55:16
440,Paramonga,-10.6667,-77.8333,60.48,88,68,8.5,PE,broken clouds,2022-10-20 04:53:03
441,Mirnyy,62.5353,113.9611,32.23,74,100,11.01,RU,overcast clouds,2022-10-20 04:57:46
442,Kondinskoye,59.6481,67.41,38.08,81,96,9.55,RU,overcast clouds,2022-10-20 04:57:46
443,Lata,40.1629,-8.3327,60.08,94,15,6.76,PT,few clouds,2022-10-20 04:57:47
444,Dhankuta,26.9833,87.3333,69.76,51,0,1.16,NP,clear sky,2022-10-20 04:57:47
445,Poum,-20.2333,164.0167,76.17,76,45,14.41,NC,scattered clouds,2022-10-20 04:57:48
446,Changqing,36.5575,116.7272,68.47,29,36,13.8,CN,scattered clouds,2022-10-20 04:57:48
447,Burnie,-41.0667,145.9167,62.94,70,20,9.71,AU,few clouds,2022-10-20 04:57:48
448,Berlevag,70.8578,29.0864,37.35,70,75,41.43,NO,broken clouds,2022-10-20 04:57:49
449,Huarmey,-10.0681,-78.1522,61.0,86,70,8.39,PE,broken clouds,2022-10-20 04:57:49
450,San Andres,12.5847,-81.7006,84.22,79,20,8.05,CO,few clouds,2022-10-20 04:57:49
451,Kununurra,-15.7667,128.7333,102.43,22,96,3.69,AU,overcast clouds,2022-10-20 04:57:50
452,Alofi,-19.0595,-169.9187,80.49,78,75,4.61,NU,broken clouds,2022-10-20 04:57:50
453,Touros,-5.1989,-35.4608,75.56,79,63,15.39,BR,broken clouds,2022-10-20 04:57:51
454,Lagoa,39.05,-27.9833,65.44,70,95,20.15,PT,light rain,2022-10-20 04:57:51
455,Ishigaki,24.3448,124.1572,77.13,78,75,19.57,JP,broken clouds,2022-10-20 04:57:51
456,Polis,35.0367,32.4264,69.62,96,45,9.13,CY,scattered clouds,2022-10-20 04:57:51
457,Kurkino,53.4257,38.6582,43.74,96,85,7.81,RU,overcast clouds,2022-10-20 04:57:52
458,Jawala Mukhi,31.8833,76.3167,74.89,40,74,4.79,IN,broken clouds,2022-10-20 04:57:52
459,Rafai,4.95,23.9167,68.31,93,100,1.07,CF,overcast clouds,2022-10-20 04:58:52
460,Santarem,-2.4431,-54.7083,77.13,100,20,2.3,BR,few clouds,2022-10-20 04:58:53
461,Kewanee,41.2456,-89.9248,34.48,28,66,7.96,US,broken clouds,2022-10-20 04:58:53
462,Tulum,20.2167,-87.4667,72.36,95,100,6.08,MX,overcast clouds,2022-10-20 04:58:54
463,Mayumba,-3.432,10.6554,76.59,86,99,7.74,GA,overcast clouds,2022-10-20 04:58:54
464,College,64.8569,-147.8028,34.81,92,22,2.3,US,few clouds,2022-10-20 04:58:10
465,Camacha,33.0833,-16.3333,69.22,83,20,11.5,PT,few clouds,2022-10-20 04:58:54
466,Bagdarin,54.4333,113.6,38.79,39,3,6.02,RU,clear sky,2022-10-20 04:58:55
467,Disna,55.568,28.1971,31.73,94,19,6.04,BY,few clouds,2022-10-20 04:58:55
468,Mildura,-34.2,142.15,71.56,78,75,12.66,AU,broken clouds,2022-10-20 04:58:55
469,Hambantota,6.1241,81.1185,88.14,66,96,13.8,LK,overcast clouds,2022-10-20 04:58:55
470,Alta,69.9689,23.2717,36.19,84,75,16.11,NO,broken clouds,2022-10-20 04:58:56
471,Yoichi,43.2039,140.7703,58.17,65,16,22.01,JP,few clouds,2022-10-20 04:58:56
472,San Vicente,-26.6167,-54.1333,61.57,99,100,3.22,AR,overcast clouds,2022-10-20 04:58:57
473,Saint-Pierre,-21.3393,55.4781,75.9,57,0,21.85,RE,clear sky,2022-10-20 04:58:57
474,Baturaja,-4.1333,104.1667,79.75,84,100,2.55,ID,overcast clouds,2022-10-20 04:58:57
475,Kasamwa,-2.85,32.4333,71.83,65,100,3.51,TZ,overcast clouds,2022-10-20 04:58:58
476,Namatanai,-3.6667,152.4333,84.49,67,88,7.09,PG,overcast clouds,2022-10-20 04:58:58
477,Kilimatinde,-5.85,34.95,68.63,60,67,8.39,TZ,broken clouds,2022-10-20 04:58:58
478,Calama,-22.4667,-68.9333,37.89,12,0,16.11,CL,clear sky,2022-10-20 04:56:51
479,Mormugao,15.4,73.8,81.66,75,85,1.59,IN,overcast clouds,2022-10-20 04:58:59
480,Chaihe,44.7667,129.7,57.45,40,91,9.1,CN,overcast clouds,2022-10-20 04:59:00
481,Buala,-8.145,159.5921,84.81,72,68,7.43,SB,light rain,2022-10-20 04:59:00
482,Port Jervis,41.3751,-74.6927,43.81,86,14,8.7,US,few clouds,2022-10-20 04:59:01
483,Laguna,38.421,-121.4238,73.94,58,0,1.99,US,clear sky,2022-10-20 04:59:01
484,Waipawa,-41.4122,175.5153,57.49,63,21,17.27,NZ,few clouds,2022-10-20 04:59:01
485,Katherine,-14.4667,132.2667,98.92,36,40,6.91,AU,scattered clouds,2022-10-20 04:59:02
486,Mount Gambier,-37.8333,140.7667,71.89,59,6,8.63,AU,clear sky,2022-10-20 04:59:02
487,Portneuf,46.6906,-71.8901,40.05,100,66,0.0,CA,broken clouds,2022-10-20 04:59:02
488,Te Anau,-45.4167,167.7167,48.76,82,91,3.22,NZ,overcast clouds,2022-10-20 04:59:03
489,Oksfjord,70.2396,22.3479,37.58,86,99,17.31,NO,overcast clouds,2022-10-20 04:59:03
490,Sistranda,63.7256,8.834,42.76,76,100,11.18,NO,overcast clouds,2022-10-20 04:59:04
491,Konstantinovka,49.6167,127.9833,53.46,29,55,6.13,RU,broken clouds,2022-10-20 04:58:30
492,Andenes,69.3143,16.1194,39.92,81,75,3.44,NO,broken clouds,2022-10-20 04:59:04
493,Iskateley,67.6803,53.1512,32.74,98,100,11.81,RU,light snow,2022-10-20 04:59:04
494,Arkalgud,12.765,76.0569,76.78,72,95,3.58,IN,overcast clouds,2022-10-20 04:59:05
495,Rocha,-34.4833,-54.3333,57.76,97,87,8.97,UY,overcast clouds,2022-10-20 04:59:05
496,Hirado,33.3597,129.5531,72.39,55,0,14.97,JP,clear sky,2022-10-20 04:59:05
497,Gold Coast,-28.0,153.4333,74.16,79,100,11.5,AU,overcast clouds,2022-10-20 04:59:06
498,Cumra,37.5732,32.7745,57.85,74,88,1.99,TR,overcast clouds,2022-10-20 04:59:06
499,Prince Rupert,54.3161,-130.3201,53.29,88,100,5.75,CA,light rain,2022-10-20 04:59:06
500,Praia Da Vitoria,38.7333,-27.0667,64.65,82,20,17.09,PT,few clouds,2022-10-20 04:59:07
501,Canto Do Buriti,-8.11,-42.9444,78.87,47,46,5.84,BR,scattered clouds,2022-10-20 04:59:07
502,Okhotsk,59.3833,143.3,27.45,36,15,15.12,RU,few clouds,2022-10-20 05:00:08
503,Henties Bay,-22.116,14.2845,59.0,87,96,6.2,NA,overcast clouds,2022-10-20 05:00:09
504,Thinadhoo,0.5333,72.9333,82.2,73,53,10.76,MV,broken clouds,2022-10-20 05:00:10
505,Kichmengskiy Gorodok,59.9816,45.7854,34.03,83,93,8.55,RU,overcast clouds,2022-10-20 05:00:11
506,Virginia Beach,36.8529,-75.978,48.02,68,1,11.52,US,clear sky,2022-10-20 04:59:41
507,Koslan,63.4564,48.8989,33.49,96,100,13.18,RU,light snow,2022-10-20 05:00:11
508,Orshanka,56.9161,47.8933,37.92,87,91,4.21,RU,overcast clouds,2022-10-20 05:00:12
509,Orocue,4.7912,-71.3354,74.7,95,100,4.16,CO,overcast clouds,2022-10-20 05:00:13
510,Sheregesh,52.9209,87.9869,38.39,63,100,4.12,RU,overcast clouds,2022-10-20 05:00:14
511,Novyy Urengoy,66.0833,76.6333,35.91,97,100,13.44,RU,overcast clouds,2022-10-20 05:00:15
512,Manadhoo,5.7667,73.3833,80.53,79,91,15.46,MV,overcast clouds,2022-10-20 05:00:15
513,Kasongo-Lunda,-6.4667,16.8167,69.22,98,100,0.56,CD,light rain,2022-10-20 05:00:16
514,Cap-Chat,49.1001,-66.6821,49.08,95,100,5.23,CA,light rain,2022-10-20 05:00:16
515,Tynda,55.1667,124.7167,35.31,49,100,10.02,RU,overcast clouds,2022-10-20 05:00:16
516,Erzin,36.9559,36.2,67.75,82,30,0.67,TR,scattered clouds,2022-10-20 05:00:17
517,Ojinaga,29.5667,-104.4167,58.15,77,0,3.44,MX,clear sky,2022-10-20 05:00:17
518,Kuusamo,65.9667,29.1833,30.24,86,40,8.05,FI,scattered clouds,2022-10-20 05:00:18
519,Port-Gentil,-0.7193,8.7815,78.53,83,100,14.85,GA,light rain,2022-10-20 05:00:19
520,Turgenevo,54.8455,46.3297,41.11,91,34,3.29,RU,scattered clouds,2022-10-20 05:00:19
521,Bugyi,47.2275,19.1466,41.58,79,2,5.12,HU,clear sky,2022-10-20 05:00:19
522,Key Largo,25.0865,-80.4473,64.0,79,100,9.62,US,overcast clouds,2022-10-20 05:00:20
523,San,13.3034,-4.8956,77.41,48,0,6.11,ML,clear sky,2022-10-20 05:00:21
524,Lishui,28.4604,119.9103,76.12,38,16,3.94,CN,few clouds,2022-10-20 05:00:21
525,Billings,45.7833,-108.5007,62.51,22,2,7.67,US,clear sky,2022-10-20 04:59:58
526,Noumea,-22.2763,166.4572,80.58,63,85,13.94,NC,overcast clouds,2022-10-20 05:00:22
527,Kachiry,53.0675,76.1036,45.63,65,100,14.92,KZ,overcast clouds,2022-10-20 05:00:22
528,Yulara,-25.2406,130.9889,81.95,24,0,6.26,AU,clear sky,2022-10-20 04:56:46
529,Talnakh,69.4865,88.3972,34.21,97,100,15.52,RU,light snow,2022-10-20 05:00:26
530,Yar-Sale,66.8333,70.8333,35.58,87,100,15.7,RU,overcast clouds,2022-10-20 05:00:26
531,Khudumelapye,-23.8833,24.75,68.83,48,38,10.07,BW,scattered clouds,2022-10-20 05:00:27
532,Sabang,5.8933,95.3214,81.05,78,99,23.87,ID,overcast clouds,2022-10-20 05:00:28
533,Arauca,7.0847,-70.7591,77.0,100,100,1.14,CO,overcast clouds,2022-10-20 05:00:18
534,San Fernando,15.0286,120.6898,87.28,68,99,1.59,PH,light rain,2022-10-20 05:00:28
535,Moussoro,13.6408,16.4901,80.28,24,25,9.22,TD,scattered clouds,2022-10-20 05:00:29
536,Yenagoa,4.9247,6.2642,74.35,94,99,3.13,NG,light rain,2022-10-20 05:00:29
537,Giyon,8.5333,37.9833,59.16,63,81,6.53,ET,broken clouds,2022-10-20 05:00:30
538,Kalisz,51.7611,18.091,38.55,80,0,4.16,PL,clear sky,2022-10-20 05:00:31
539,Bria,6.5423,21.9863,69.26,96,100,0.69,CF,overcast clouds,2022-10-20 05:00:31
540,San Jose De Guanipa,8.8872,-64.1651,75.52,84,91,8.61,VE,overcast clouds,2022-10-20 05:00:32
541,Durango,24.8333,-104.8333,52.41,85,27,0.85,MX,scattered clouds,2022-10-20 05:00:07
542,Grants Pass,42.439,-123.3284,66.09,59,0,0.0,US,clear sky,2022-10-20 05:00:33
543,Port Hawkesbury,45.6169,-61.3485,64.9,100,100,14.0,CA,moderate rain,2022-10-20 05:00:33
544,Neiafu,-18.65,-173.9833,78.22,76,100,6.6,TO,overcast clouds,2022-10-20 05:00:34
545,Derzhavinsk,51.1,66.3167,50.02,68,100,21.03,KZ,overcast clouds,2022-10-20 05:00:34
546,Olinda,-8.0089,-34.8553,75.54,78,73,13.22,BR,broken clouds,2022-10-20 05:01:35
547,Aksarka,66.5606,67.7975,33.57,89,100,11.92,RU,overcast clouds,2022-10-20 05:01:35
548,Seydi,39.4816,62.9137,59.02,33,0,17.2,TM,clear sky,2022-10-20 05:01:35
549,Edd,13.9297,41.6925,86.11,48,0,2.71,ER,clear sky,2022-10-20 05:01:36
550,Byron Bay,-28.65,153.6167,67.84,83,100,10.76,AU,overcast clouds,2022-10-20 05:01:36
551,Road Town,18.4167,-64.6167,82.49,75,3,14.5,VG,light rain,2022-10-20 05:00:27
552,Boyabat,41.4689,34.7667,59.23,77,84,4.5,TR,broken clouds,2022-10-20 05:01:37
553,Hay River,60.8156,-115.7999,55.69,43,3,16.42,CA,clear sky,2022-10-20 05:01:37
554,Murray Bridge,-35.1167,139.2667,70.12,55,70,12.19,AU,broken clouds,2022-10-20 05:01:38
555,Natal,-5.795,-35.2094,77.22,73,40,8.05,BR,scattered clouds,2022-10-20 04:58:03
556,Takaka,-40.85,172.8,61.56,50,67,10.89,NZ,broken clouds,2022-10-20 05:01:39
557,Smithers,54.7804,-127.1743,45.23,89,84,4.41,CA,broken clouds,2022-10-20 05:00:24
558,Diffa,13.3154,12.6113,78.04,26,6,8.43,NE,clear sky,2022-10-20 05:01:39
559,Katangli,51.7102,143.2326,45.63,55,97,12.68,RU,overcast clouds,2022-10-20 05:01:40
560,Warmbad,-28.45,18.7333,67.91,54,7,9.1,NA,clear sky,2022-10-20 05:01:40
561,Umea,63.8284,20.2597,36.91,93,0,5.75,SE,clear sky,2022-10-20 05:01:41
562,Novovasylivka,46.8315,35.7536,50.85,77,67,10.45,UA,broken clouds,2022-10-20 05:01:42
563,Lufkin,31.3382,-94.7291,47.05,75,0,3.44,US,clear sky,2022-10-20 05:01:42
564,Coolum Beach,-26.5333,153.1,74.1,86,100,10.71,AU,overcast clouds,2022-10-20 05:01:42
565,Luena,-11.7833,19.9167,62.28,81,49,4.38,AO,scattered clouds,2022-10-20 05:01:43
566,Bismarck,46.8083,-100.7837,54.46,80,20,10.36,US,few clouds,2022-10-20 04:58:53
567,Khani,41.9563,42.9566,51.37,86,95,1.32,GE,overcast clouds,2022-10-20 05:01:43
568,Wuwei,37.9281,102.6414,60.3,20,100,2.75,CN,overcast clouds,2022-10-20 05:01:44
569,Nadym,65.5333,72.5167,37.02,82,100,14.54,RU,overcast clouds,2022-10-20 05:01:44
570,Salta,-24.7859,-65.4117,63.57,81,86,1.99,AR,overcast clouds,2022-10-20 05:01:44
571,Presidente Dutra,-5.29,-44.49,76.1,61,16,3.22,BR,few clouds,2022-10-20 05:01:45
572,Sale,34.0389,-6.8166,65.75,100,75,0.0,MA,broken clouds,2022-10-20 05:01:45
573,Folldal,62.1325,9.9968,30.09,77,3,1.01,NO,clear sky,2022-10-20 05:01:46
574,Sinnamary,5.3833,-52.95,78.57,86,50,8.43,GF,scattered clouds,2022-10-20 05:01:46
575,Harboore,56.6175,8.1807,45.14,86,96,11.39,DK,overcast clouds,2022-10-20 05:01:46
576,Hendersonville,36.3048,-86.62,43.86,74,30,5.03,US,scattered clouds,2022-10-20 05:01:47
577,Mollendo,-17.0231,-72.0147,60.44,85,95,8.25,PE,overcast clouds,2022-10-20 05:01:47
578,Gidam,18.9833,81.4,83.5,61,10,4.88,IN,clear sky,2022-10-20 05:01:48
579,Mulchen,-37.7167,-72.2333,47.57,96,93,1.92,CL,overcast clouds,2022-10-20 05:01:49
580,San Rafael,-34.6177,-68.3301,60.84,63,65,4.12,AR,broken clouds,2022-10-20 05:00:45
581,Teguise,29.0605,-13.564,64.62,83,0,3.44,ES,clear sky,2022-10-20 05:01:50
582,Wangou,42.0623,126.9127,55.18,48,2,8.61,CN,clear sky,2022-10-20 05:01:50
583,Sokoni,-6.4333,39.55,76.93,71,87,12.3,TZ,overcast clouds,2022-10-20 05:01:50
584,Olivet,47.8622,1.8991,62.11,100,75,13.8,FR,broken clouds,2022-10-20 04:57:38
585,Mizan Teferi,6.9833,35.5833,64.69,95,93,1.16,ET,overcast clouds,2022-10-20 05:01:51
586,Kargopol,61.5071,38.9456,35.6,85,100,9.24,RU,overcast clouds,2022-10-20 05:01:51
587,Kysyl-Syr,63.8986,122.7617,21.76,84,100,7.54,RU,overcast clouds,2022-10-20 05:01:52
588,Clyde River,70.4692,-68.5914,21.43,93,100,14.97,CA,light snow,2022-10-20 05:01:52
589,Alexandria,31.2156,29.9553,61.34,69,14,6.33,EG,few clouds,2022-10-20 04:58:21
590,Castanos,26.7833,-101.4167,59.34,66,0,5.32,MX,clear sky,2022-10-20 05:02:53
591,Pauini,-7.7136,-66.9764,72.05,98,97,2.66,BR,overcast clouds,2022-10-20 05:02:53
592,Jagatsinghapur,20.2667,86.1667,86.36,65,0,10.96,IN,clear sky,2022-10-20 05:02:53
593,Shirokiy,49.758,129.523,48.24,41,61,9.66,RU,broken clouds,2022-10-20 05:02:54
594,Norden,53.6,7.2,44.96,96,80,18.37,DE,broken clouds,2022-10-20 05:02:54
595,Sawakin,19.1059,37.3321,82.69,72,3,0.36,SD,clear sky,2022-10-20 05:02:54
596,Egvekinot,66.3167,-179.1667,29.66,99,100,8.05,RU,snow,2022-10-20 05:02:55
597,Pedernales,18.0384,-71.744,79.5,74,6,2.15,DO,clear sky,2022-10-20 05:02:56
598,Puerto Pailas,-17.667,-62.7909,76.01,76,40,8.16,BO,scattered clouds,2022-10-20 05:02:56
599,Xinqing,48.2333,129.5,52.72,34,22,9.6,CN,few clouds,2022-10-20 05:02:57
600,Stornoway,58.2093,-6.3865,51.04,83,100,1.99,GB,overcast clouds,2022-10-20 05:02:57
601,Komsomolskiy,40.4272,71.7189,50.72,62,8,0.0,UZ,clear sky,2022-10-20 05:02:58
602,Prata,-19.3072,-48.9242,72.79,58,70,6.15,BR,broken clouds,2022-10-20 04:59:40
603,Pozo Colorado,-23.4923,-58.7972,71.04,95,84,3.22,PY,moderate rain,2022-10-20 05:02:58
604,Kloulklubed,7.0419,134.2556,88.3,72,99,9.42,PW,overcast clouds,2022-10-20 05:02:58
605,Zhigalovo,54.8097,105.1578,38.01,62,99,4.14,RU,overcast clouds,2022-10-20 05:02:59
606,Moree,-29.4667,149.85,71.87,79,100,16.64,AU,overcast clouds,2022-10-20 05:00:18
607,Winona,43.9666,-91.7668,38.68,50,0,0.0,US,clear sky,2022-10-20 05:02:59
608,Luanda,-8.8368,13.2343,75.2,88,75,8.05,AO,broken clouds,2022-10-20 05:02:59
609,Linkou,45.3,130.2833,58.78,32,52,11.34,CN,broken clouds,2022-10-20 05:03:00
610,Caranavi,-15.8167,-67.55,62.94,98,89,1.92,BO,overcast clouds,2022-10-20 05:03:00
611,Ipixuna,-1.7625,-48.8043,74.44,93,55,4.7,BR,broken clouds,2022-10-20 05:03:01
612,Salalah,17.0151,54.0924,84.29,51,0,1.14,OM,clear sky,2022-10-20 05:03:01
613,Morros,-9.4467,-46.3003,77.45,31,46,3.53,BR,scattered clouds,2022-10-20 05:03:01
614,Naro-Fominsk,55.3875,36.7331,41.47,86,96,5.5,RU,overcast clouds,2022-10-20 05:03:02
615,Buraydah,26.326,43.975,78.64,12,4,7.43,SA,clear sky,2022-10-20 05:03:02
616,Naryan-Mar,67.6713,53.087,32.83,98,100,12.17,RU,light snow,2022-10-20 05:03:03
617,Guhagar,17.4842,73.1929,85.33,69,24,2.21,IN,few clouds,2022-10-20 05:03:03
618,Shakhtinsk,49.71,72.5872,48.72,60,100,22.77,KZ,overcast clouds,2022-10-20 05:03:04
619,Pulandian,39.3953,121.9669,65.57,39,92,12.17,CN,overcast clouds,2022-10-20 05:02:49
620,Isla Vista,34.4133,-119.861,78.35,46,68,3.76,US,broken clouds,2022-10-20 05:03:04
621,Raymondville,26.4815,-97.7831,59.23,55,0,6.11,US,clear sky,2022-10-20 05:03:05
622,Obala,4.1667,11.5333,69.3,98,100,1.83,CM,light rain,2022-10-20 05:03:05
623,Evensk,61.95,159.2333,17.96,74,100,8.5,RU,overcast clouds,2022-10-20 05:03:05
624,Lumsden,50.6501,-104.8678,36.55,47,27,4.45,CA,scattered clouds,2022-10-20 05:03:06
625,Ranong,9.9658,98.6348,75.81,96,100,3.8,TH,light rain,2022-10-20 05:03:06
626,Saint-Augustin,51.226,-58.6502,49.95,97,100,15.46,CA,overcast clouds,2022-10-20 05:03:07
627,Turukhansk,65.8167,87.9833,33.85,97,100,21.56,RU,light snow,2022-10-20 05:03:07
628,Chadan,51.2833,91.5833,36.7,48,100,3.31,RU,overcast clouds,2022-10-20 05:03:08
629,Riyadh,24.6877,46.7219,69.94,13,3,2.64,SA,clear sky,2022-10-20 04:58:33
630,Rustenburg,-25.6676,27.2421,68.72,49,4,5.14,ZA,clear sky,2022-10-20 05:03:08
631,Udimskiy,61.1417,45.9144,32.9,88,90,10.49,RU,overcast clouds,2022-10-20 05:03:09
632,Emba,48.8264,58.1442,52.54,46,60,15.64,KZ,broken clouds,2022-10-20 05:03:09
633,Akranes,64.3218,-22.0749,41.56,79,100,15.73,IS,overcast clouds,2022-10-20 05:03:09
634,Tarapur,19.85,72.7,84.2,67,30,3.09,IN,scattered clouds,2022-10-20 05:03:10
635,Zyryanka,65.75,150.85,14.09,83,100,15.19,RU,overcast clouds,2022-10-20 05:04:10
636,Jalu,29.0331,21.5482,69.89,56,70,5.84,LY,broken clouds,2022-10-20 05:04:11
637,Loralai,30.3705,68.598,71.69,16,0,2.17,PK,clear sky,2022-10-20 05:04:11
638,Villa Bruzual,9.3328,-69.1208,72.91,94,21,3.49,VE,few clouds,2022-10-20 05:04:11
639,Simao,22.7886,100.9748,79.07,34,0,1.79,CN,clear sky,2022-10-20 05:04:12
640,Ukiah,39.1502,-123.2078,69.87,43,0,0.0,US,clear sky,2022-10-20 05:02:04
641,Cabo San Lucas,22.8909,-109.9124,77.61,84,48,10.22,MX,scattered clouds,2022-10-20 05:04:09
642,Saint-Louis,16.3333,-15.0,81.77,63,2,9.57,SN,clear sky,2022-10-20 05:04:13
643,Taunton,51.0211,-3.1047,59.13,94,100,1.01,GB,light rain,2022-10-20 05:03:51
644,Bemidji,47.4736,-94.8803,40.91,74,0,0.0,US,clear sky,2022-10-20 05:04:13
645,Khorramabad,33.4878,48.3558,70.18,25,89,2.82,IR,overcast clouds,2022-10-20 05:04:13
646,Nara,34.6851,135.8049,71.91,36,0,2.44,JP,clear sky,2022-10-20 05:01:30
647,Altamont,42.2068,-121.7372,52.9,50,0,1.01,US,clear sky,2022-10-20 05:00:18
648,Camargo,27.6667,-105.1667,60.15,67,34,1.54,MX,scattered clouds,2022-10-20 05:04:14
649,Liepaja,56.5419,21.0367,48.18,66,100,6.91,LV,overcast clouds,2022-10-20 05:04:15
650,Gruia,44.2675,22.7047,49.26,75,0,5.5,RO,clear sky,2022-10-20 05:04:15
651,Nizhniy Odes,63.6445,54.856,32.58,92,100,11.48,RU,light snow,2022-10-20 05:04:16
652,Ouallam,14.3188,2.0866,80.28,20,21,3.94,NE,few clouds,2022-10-20 05:04:16
653,Findlay,41.0442,-83.6499,38.21,47,24,11.97,US,few clouds,2022-10-20 04:59:50
654,The Valley,18.217,-63.0578,82.26,77,1,17.98,AI,clear sky,2022-10-20 05:04:17
655,Klyuchi,52.2667,79.1667,43.72,83,100,15.39,RU,overcast clouds,2022-10-20 05:04:17
656,Brae,60.3964,-1.353,45.84,68,100,13.24,GB,overcast clouds,2022-10-20 05:03:14
657,Lugovoy,42.9472,72.7644,51.19,48,19,9.73,KZ,few clouds,2022-10-20 05:04:18
658,Mogadishu,2.0371,45.3438,79.2,77,11,10.83,SO,few clouds,2022-10-20 05:00:14
659,Ust-Ilimsk,58.0006,102.6619,36.18,79,91,2.89,RU,overcast clouds,2022-10-20 05:04:18
660,Formosa Do Rio Preto,-11.0483,-45.1931,71.47,37,3,5.08,BR,clear sky,2022-10-20 05:04:18
661,Araouane,18.9048,-3.5265,83.12,18,93,7.38,ML,overcast clouds,2022-10-20 05:04:19
662,San Quintin,30.4833,-115.95,71.91,68,49,1.9,MX,scattered clouds,2022-10-20 05:04:19
663,Fraga,41.5229,0.3489,65.23,85,100,8.01,ES,light rain,2022-10-20 05:04:20
664,Soubre,5.7856,-6.6083,70.92,99,99,1.92,CI,overcast clouds,2022-10-20 05:04:20
665,Taoudenni,22.6783,-3.9836,80.35,17,53,12.82,ML,broken clouds,2022-10-20 05:04:20
666,Pemangkat,1.1667,108.9667,85.21,67,35,8.46,ID,scattered clouds,2022-10-20 05:04:21
667,Comodoro Rivadavia,-45.8667,-67.5,60.66,41,0,20.71,AR,clear sky,2022-10-20 05:04:21
668,Manzhouli,49.6,117.4333,47.23,38,100,9.48,CN,overcast clouds,2022-10-20 05:04:22
669,Porto Walter,-8.2686,-72.7439,73.89,90,99,2.46,BR,overcast clouds,2022-10-20 05:04:22
670,Skjervoy,70.0311,20.9714,37.4,89,100,20.31,NO,overcast clouds,2022-10-20 05:04:23
671,Krasnoye,49.9145,24.6134,35.73,96,12,7.81,UA,few clouds,2022-10-20 05:04:23
672,Sumenep,-7.0167,113.8667,84.94,70,100,6.64,ID,light rain,2022-10-20 05:04:23
673,Richards Bay,-28.783,32.0377,75.22,68,51,13.31,ZA,broken clouds,2022-10-20 05:04:24
674,Viedma,-40.8135,-62.9967,65.34,57,4,18.97,AR,clear sky,2022-10-20 05:04:24
675,Tecoanapa,16.5167,-98.75,76.21,86,100,8.99,MX,overcast clouds,2022-10-20 05:04:25
676,Veraval,20.9,70.3667,84.9,45,42,2.75,IN,scattered clouds,2022-10-20 05:04:25
677,Zeya,53.75,127.2667,43.23,33,92,7.2,RU,overcast clouds,2022-10-20 05:04:25
678,Charlestown,-32.95,151.6667,71.38,91,100,4.0,AU,moderate rain,2022-10-20 05:04:26
679,La Palma,33.8464,-118.0467,83.01,46,20,0.0,US,few clouds,2022-10-20 05:04:26
680,Cuauhtemoc,28.4167,-106.8667,50.27,84,0,5.19,MX,clear sky,2022-10-20 05:04:26
